time,load@tsung_controller@ip-172-31-26-131 
0,0.0 
10,0.0 
20,0.0 
30,0.0 
40,0.0 
50,0.0 
60,0.0 
70,0.0703125 
80,0.05859375 
90,0.05078125 
100,0.0390625 
110,0.0390625 
120,0.03125 
130,0.01953125 
140,0.01953125 
150,0.01953125 
160,0.01171875 
170,0.01171875 
180,0.01171875 
190,0.01171875 
200,0.01171875 
210,0.0 
220,0.0 
230,0.0 
