time,load@tsung_controller@ip-172-31-26-131 
0,0.0 
10,0.0 
20,0.0 
30,0.0 
40,0.0 
50,0.0 
60,0.0 
70,0.0703125 
80,0.0703125 
90,0.0703125 
100,0.0703125 
110,0.0703125 
120,0.0703125 
130,0.0703125 
140,0.0703125 
150,0.0703125 
160,0.0703125 
170,0.0703125 
180,0.0703125 
190,0.0703125 
200,0.0703125 
210,0.0703125 
220,0.0703125 
230,0.0703125 
