time,freemem@tsung_controller@ip-172-31-26-131 
0,3520.28515625 
10,3521.5859375 
20,3522.78125 
30,3522.6484375 
40,3521.70703125 
50,3521.06640625 
60,3520.5546875 
70,3520.0234375 
80,3519.23828125 
90,3518.52734375 
100,3518.1796875 
110,3517.82421875 
120,3517.84375 
130,3517.703125 
140,3517.74609375 
150,3517.515625 
160,3517.53515625 
170,3517.5625 
180,3517.328125 
190,3517.23828125 
200,3516.66015625 
210,3516.43359375 
220,3516.3125 
230,3516.328125 
