time,load@tsung_controller@ip-172-31-24-43 
0,0.0 
10,0.0 
20,0.0 
30,0.0 
40,0.0 
50,0.0 
60,0.0 
70,0.078125 
80,0.1484375 
90,0.12109375 
100,0.1015625 
110,0.23828125 
120,0.28125 
130,0.30859375 
140,0.26171875 
150,0.21875 
160,0.19140625 
170,0.16015625 
180,0.12890625 
190,0.109375 
200,0.08984375 
210,0.078125 
220,0.0703125 
230,0.05859375 
240,0.05078125 
249,0.0390625 
