time,load@tsung_controller@ip-172-31-28-38 
0,0.23828125 
10,0.19921875 
20,0.171875 
30,0.140625 
40,0.12109375 
50,0.1015625 
60,0.08984375 
70,0.0703125 
80,0.05859375 
90,0.05078125 
100,0.0390625 
110,0.1796875 
120,0.1484375 
130,0.12890625 
140,0.109375 
150,0.08984375 
160,0.078125 
170,0.0703125 
180,0.140625 
190,0.109375 
200,0.1015625 
210,0.078125 
220,0.0703125 
230,0.05859375 
240,0.05078125 
250,0.0390625 
252,0.03125 
