time,load@tsung_controller@ip-172-31-22-225 
0,0.0 
10,0.0 
20,0.0 
30,0.0 
40,0.0 
50,0.0 
60,0.0 
70,0.0 
80,0.0 
90,0.0 
100,0.0 
110,0.0703125 
120,0.05859375 
130,0.05078125 
140,0.19921875 
150,0.171875 
160,0.140625 
170,0.19921875 
180,0.171875 
190,0.140625 
200,0.28125 
210,0.23828125 
220,0.19921875 
230,0.171875 
240,0.140625 
250,0.12109375 
260,0.1015625 
270,0.078125 
280,0.0703125 
287,0.05859375 
