time,session 
60,0 
70,495.9529999999977 
80,0.0 
90,4574.606046850212 
100,2370.3515845157212 
110,8236.138021819152 
120,0.0 
130,4309.16902283845 
140,8249.453929467601 
150,12509.725671620521 
160,10917.679187907073 
170,14489.964268967895 
180,19826.09004690997 
190,17868.186973952026 
200,15953.516979447078 
210,17744.980319820374 
220,13459.95920433461 
230,11169.380442671987 
240,9869.654393563835 
250,12645.651332197294 
