time,session 
60,64584.762 
70,68727.15400000001 
80,79559.608 
90,87494.073 
100,98384.20725 
110,105941.38660000001 
120,104298.37 
130,109936.37571428569 
140,110644.55900000001 
150,119603.12354545452 
160,120849.92193750002 
170,114622.051625 
180,111930.9167368421 
190,115716.99729032259 
200,119525.04405660376 
210,122910.77339705882 
220,123764.407980198 
230,126331.89811864408 
240,134250.74687500004 
250,140693.23724999998 
