time,load@tsung_controller@ip-172-31-22-225 
0,0.0 
10,0.0 
20,0.0 
30,0.0 
40,0.0 
50,0.0 
60,0.0 
70,0.0 
80,0.0 
90,0.0 
100,0.0 
110,0.0703125 
120,0.0703125 
130,0.0703125 
140,0.19921875 
150,0.19921875 
160,0.19921875 
170,0.19921875 
180,0.19921875 
190,0.19921875 
200,0.28125 
210,0.28125 
220,0.28125 
230,0.28125 
240,0.28125 
250,0.28125 
260,0.28125 
270,0.28125 
280,0.28125 
287,0.28125 
