time,load@tsung_controller@ip-172-31-28-38 
0,0.19921875 
10,0.171875 
20,0.140625 
30,0.12109375 
40,0.1015625 
50,0.078125 
60,0.0703125 
70,0.0703125 
80,0.0703125 
90,0.0703125 
100,0.0703125 
110,0.0703125 
120,0.05859375 
130,0.05078125 
140,0.0390625 
150,0.03125 
160,0.03125 
170,0.01953125 
180,0.01953125 
190,0.01953125 
200,0.01953125 
210,0.01953125 
220,0.01953125 
230,0.01953125 
240,0.01953125 
246,0.01953125 
