time,load@tsung_controller@ip-172-31-28-38 
0,0.19921875 
10,0.171875 
20,0.140625 
30,0.12109375 
40,0.1015625 
50,0.078125 
60,0.0703125 
70,0.12890625 
80,0.109375 
90,0.1015625 
100,0.078125 
110,0.0703125 
120,0.05859375 
130,0.05078125 
140,0.0390625 
150,0.03125 
160,0.03125 
170,0.01953125 
180,0.01953125 
190,0.16015625 
200,0.2109375 
210,0.1796875 
220,0.1484375 
230,0.12890625 
240,0.26171875 
246,0.21875 
