time,load@tsung_controller@ip-172-31-28-38 
0,0.01171875 
10,0.08984375 
20,0.08984375 
30,0.08984375 
40,0.08984375 
50,0.08984375 
60,0.08984375 
70,0.08984375 
80,0.08984375 
90,0.171875 
100,0.21875 
110,0.21875 
120,0.21875 
130,0.21875 
140,0.21875 
150,0.21875 
160,0.21875 
170,0.21875 
180,0.21875 
190,0.21875 
200,0.21875 
210,0.21875 
220,0.21875 
230,0.21875 
240,0.21875 
250,0.21875 
254,0.21875 
