time,load@tsung_controller@ip-172-31-28-38 
0,0.01171875 
10,0.08984375 
20,0.0703125 
30,0.05859375 
40,0.05078125 
50,0.0390625 
60,0.0390625 
70,0.03125 
80,0.01953125 
90,0.171875 
100,0.21875 
110,0.1796875 
120,0.1484375 
130,0.12890625 
140,0.109375 
150,0.171875 
160,0.140625 
170,0.12109375 
180,0.1015625 
190,0.16015625 
200,0.12890625 
210,0.109375 
220,0.08984375 
230,0.078125 
240,0.0703125 
250,0.05859375 
254,0.05078125 
