time,load@tsung_controller@ip-172-31-26-42 
0,0.078125 
10,0.2109375 
20,0.1796875 
30,0.1484375 
40,0.12890625 
50,0.109375 
60,0.08984375 
70,0.078125 
80,0.05859375 
90,0.05078125 
100,0.05078125 
110,0.0390625 
120,0.03125 
130,0.03125 
140,0.01953125 
150,0.01953125 
160,0.01953125 
170,0.08984375 
180,0.078125 
190,0.0703125 
200,0.05859375 
210,0.05078125 
