time,load@tsung_controller@ip-172-31-26-42 
0,0.078125 
10,0.078125 
20,0.078125 
30,0.078125 
40,0.078125 
50,0.078125 
60,0.078125 
70,0.078125 
80,0.05859375 
90,0.05078125 
100,0.05078125 
110,0.0390625 
120,0.03125 
130,0.03125 
140,0.01953125 
150,0.01953125 
160,0.01953125 
170,0.01953125 
180,0.01953125 
190,0.01953125 
200,0.01953125 
210,0.01953125 
