time,cpu@tsung_controller@ip-172-31-26-42 
0,1.0217826986890954 
10,1.1988011988011988 
20,4.790419161676647 
30,1.7034068136272544 
40,0.2004008016032064 
50,0.3 
60,0.2 
70,0.3 
80,0.2 
90,0.3 
100,0.10030090270812438 
110,0.2997002997002997 
120,1.903807615230461 
130,0.3003003003003003 
140,1.903807615230461 
150,0.499001996007984 
160,0.2004008016032064 
170,2.095808383233533 
180,0.3003003003003003 
190,0.3 
200,0.3 
210,0.30060120240480964 
