time,load@tsung_controller@ip-172-31-28-38 
0,0.0 
10,0.0 
20,0.0 
30,0.0 
40,0.0 
50,0.0 
60,0.0 
70,0.0 
80,0.0 
90,0.0703125 
100,0.05859375 
110,0.12890625 
120,0.1796875 
130,0.16015625 
140,0.12890625 
150,0.109375 
160,0.08984375 
170,0.078125 
180,0.0703125 
190,0.05859375 
200,0.05078125 
210,0.0390625 
220,0.03125 
230,0.03125 
240,0.01953125 
247,0.01953125 
