time,load@tsung_controller@ip-172-31-24-43 
0,0.05078125 
10,0.0390625 
20,0.03125 
30,0.03125 
40,0.01953125 
50,0.01953125 
60,0.01953125 
70,0.01171875 
80,0.01171875 
90,0.01171875 
100,0.01171875 
110,0.171875 
120,0.140625 
130,0.12109375 
140,0.1015625 
150,0.078125 
160,0.0703125 
170,0.05859375 
180,0.05078125 
190,0.0390625 
200,0.03125 
210,0.03125 
220,0.01953125 
230,0.01953125 
240,0.16015625 
250,0.140625 
259,0.12109375 
