time,load@tsung_controller@ip-172-31-28-38 
0,0.01953125 
10,0.01953125 
20,0.01953125 
30,0.01171875 
40,0.01171875 
50,0.01171875 
60,0.01171875 
70,0.08984375 
80,0.0703125 
90,0.05859375 
100,0.05078125 
110,0.0390625 
120,0.0390625 
130,0.03125 
140,0.01953125 
150,0.01953125 
160,0.01953125 
170,0.01171875 
180,0.01171875 
190,0.01171875 
200,0.01171875 
210,0.01171875 
220,0.0 
230,0.0 
240,0.0 
246,0.0 
